prompt,predicted_fom,composition.Co,composition.Sb,composition.Dy,site_allocation.Dy,composition.Mg,composition.Pd,composition.Cl,site_allocation.Mg,site_allocation.Pd,site_allocation.Cl,composition.Cd,composition.Mn,composition.S,site_allocation.Cd,site_allocation.Mn,site_allocation.S,composition.As,site_allocation.As,composition.Mm,composition.Yb,composition.O,site_allocation.Mm,site_allocation.Yb,site_allocation.O,composition.Nd,site_allocation.Nd,composition.Eu,site_allocation.Eu,composition.K,site_allocation.K,composition.Zn,composition.G,site_allocation.Zn,site_allocation.G,composition.Te,site_allocation.Te,composition.Ti,site_allocation.Ti,composition.F,site_allocation.F,composition.Gd,site_allocation.Gd,composition.Ag,site_allocation.Ag,composition.Cu,site_allocation.Cu,composition.Pr,site_allocation.Pr,composition.Al,site_allocation.Al,composition.Si,composition.W,site_allocation.Si,site_allocation.W,composition.Ba,site_allocation.Ba,composition.Hf,site_allocation.Hf,composition.Bi,site_allocation.Bi,composition.Sn,site_allocation.Sn,composition.Ga,site_allocation.Ga,composition.Na,site_allocation.Na,composition.Li,site_allocation.Li,composition.C,site_allocation.C,composition.Ce,site_allocation.Ce,composition.Mo,site_allocation.Mo,composition.Sm,site_allocation.Sm,composition.La,site_allocation.La,composition.Y,site_allocation.Y,composition.Ni,site_allocation.Ni,composition.Sr,site_allocation.Sr,composition.Fe,site_allocation.Fe,composition.Tl,composition.Pb,site_allocation.Tl,site_allocation.Pb,composition.Zr,site_allocation.Zr
"Composition: {'Co': 1, 'Sb': 3, 'Dy': 0.1875}, Temperature: 670K",0.1729658991098404,1,3,0.1875,"['N', 'C', 'G', 'P', 'M', 'A', 'E', 'L', 'B', 'I', 'H', 'O']",,,,,,,,,,,,,,,,,,,,,,,,,,,,,,,,,,,,,,,,,,,,,,,,,,,,,,,,,,,,,,,,,,,,,,,,,,,,,,,,,,,,,,,,
"Composition: {'Co': 1, 'Sb': 3, 'Mg': 0.171875, 'Pd': 0.015625, 'Cl': 0.03125}, Temperature: 642K",0.3192034959793091,1,3,,,0.171875,0.015625,0.03125,"['J', 'N', 'N', 'K', 'I', 'C', 'H', 'D', 'P', 'M', 'F']",['L'],"['E', 'O']",,,,,,,,,,,,,,,,,,,,,,,,,,,,,,,,,,,,,,,,,,,,,,,,,,,,,,,,,,,,,,,,,,,,,,,,,,,,,,,,,,
"Composition: {'Co': 1, 'Sb': 3, 'Cd': 0.109375, 'Mn': 0.109375, 'S': 0.03125}, Temperature: 475K",0.1435357928276062,1,3,,,,,,,,,0.109375,0.109375,0.03125,"['I', 'P', 'H', 'L', 'N', 'J', 'B']","['E', 'C', 'G', 'D', 'M', 'K', 'F']","['O', 'A']",,,,,,,,,,,,,,,,,,,,,,,,,,,,,,,,,,,,,,,,,,,,,,,,,,,,,,,,,,,,,,,,,,,,,,,,,,,,
"Composition: {'Co': 1, 'Sb': 3, 'As': 0.1875}, Temperature: 434K",0.16424031555652618,1,3,,,,,,,,,,,,,,,0.1875,"['H', 'L', 'N', 'I', 'C', 'P', 'B', 'E', 'N', 'J', 'G', 'O']",,,,,,,,,,,,,,,,,,,,,,,,,,,,,,,,,,,,,,,,,,,,,,,,,,,,,,,,,,,,,,,,,,,,,,,,,,
"Composition: {'Co': 1, 'Sb': 3, 'Mm': 0.015625, 'Yb': 0.0625, 'O': 0.09375}, Temperature: 746K",0.37316450476646423,1,3,,,,,,,,,,,,,,,,,0.015625,0.0625,0.09375,['C'],"['N', 'M', 'P', 'B']","['G', 'F', 'O', 'K', 'J', 'D']",,,,,,,,,,,,,,,,,,,,,,,,,,,,,,,,,,,,,,,,,,,,,,,,,,,,,,,,,,,,,,,,,,,,
"Composition: {'Co': 1, 'Sb': 3, 'Nd': 0.21875}, Temperature: 341K",0.08634644746780396,1,3,,,,,,,,,,,,,,,,,,,,,,,0.21875,"['K', 'P', 'E', 'D', 'H', 'C', 'L', 'F', 'M', 'A', 'B', 'N', 'J', 'G']",,,,,,,,,,,,,,,,,,,,,,,,,,,,,,,,,,,,,,,,,,,,,,,,,,,,,,,,,,,,,,,,,,
"Composition: {'Co': 1, 'Sb': 3, 'Eu': 0.1875}, Temperature: 760K",0.2213428020477295,1,3,,,,,,,,,,,,,,,,,,,,,,,,,0.1875,"['D', 'C', 'M', 'O', 'B', 'F', 'H', 'L', 'E', 'J', 'A', 'K']",,,,,,,,,,,,,,,,,,,,,,,,,,,,,,,,,,,,,,,,,,,,,,,,,,,,,,,,,,,,,,,,
"Composition: {'Co': 1, 'Sb': 3, 'K': 0.203125}, Temperature: 674K",0.15603592991828918,1,3,,,,,,,,,,,,,,,,,,,,,,,,,,,0.203125,"['K', 'E', 'B', 'G', 'C', 'H', 'M', 'O', 'J', 'A', 'D', 'I', 'N']",,,,,,,,,,,,,,,,,,,,,,,,,,,,,,,,,,,,,,,,,,,,,,,,,,,,,,,,,,,,,,
"Composition: {'Co': 1, 'Sb': 3, 'Mm': 0.03125, 'Cl': 0.078125}, Temperature: 490K",0.20458635687828064,1,3,,,,,0.078125,,,"['O', 'M', 'D', 'B', 'N']",,,,,,,,,0.03125,,,"['P', 'I']",,,,,,,,,,,,,,,,,,,,,,,,,,,,,,,,,,,,,,,,,,,,,,,,,,,,,,,,,,,,,,,,,,,,,,
"Composition: {'Co': 1, 'Sb': 3, 'Zn': 0.0625, 'Mg': 0.03125, 'G': 0.15625}, Temperature: 496K",0.35040658712387085,1,3,,,0.03125,,,"['L', 'B']",,,,,,,,,,,,,,,,,,,,,,,0.0625,0.15625,"['K', 'J', 'N', 'A']","['I', 'M', 'F', 'P', 'H', 'G', 'N', 'O', 'C', 'D']",,,,,,,,,,,,,,,,,,,,,,,,,,,,,,,,,,,,,,,,,,,,,,,,,,,,,,,,,,
"Composition: {'Co': 1, 'Sb': 3, 'K': 0.125}, Temperature: 334K",0.11602696776390076,1,3,,,,,,,,,,,,,,,,,,,,,,,,,,,0.125,"['E', 'N', 'K', 'F', 'C', 'L', 'D', 'A']",,,,,,,,,,,,,,,,,,,,,,,,,,,,,,,,,,,,,,,,,,,,,,,,,,,,,,,,,,,,,,
"Composition: {'Co': 1, 'Sb': 3, 'G': 0.21875}, Temperature: 731K",0.17569145560264587,1,3,,,,,,,,,,,,,,,,,,,,,,,,,,,,,,0.21875,,"['D', 'E', 'K', 'B', 'N', 'I', 'F', 'N', 'M', 'A', 'H', 'C', 'J', 'G']",,,,,,,,,,,,,,,,,,,,,,,,,,,,,,,,,,,,,,,,,,,,,,,,,,,,,,,,,,
"Composition: {'Co': 1, 'Sb': 3, 'Te': 0.21875}, Temperature: 373K",0.13551285862922668,1,3,,,,,,,,,,,,,,,,,,,,,,,,,,,,,,,,,0.21875,"['L', 'O', 'N', 'C', 'F', 'H', 'B', 'D', 'M', 'N', 'E', 'A', 'G', 'J']",,,,,,,,,,,,,,,,,,,,,,,,,,,,,,,,,,,,,,,,,,,,,,,,,,,,,,,,
"Composition: {'Co': 1, 'Sb': 3, 'Ti': 0.21875}, Temperature: 702K",0.12753926217556,1,3,,,,,,,,,,,,,,,,,,,,,,,,,,,,,,,,,,,0.21875,"['G', 'F', 'M', 'A', 'C', 'N', 'N', 'H', 'O', 'L', 'K', 'I', 'J', 'D']",,,,,,,,,,,,,,,,,,,,,,,,,,,,,,,,,,,,,,,,,,,,,,,,,,,,,,
"Composition: {'Co': 1, 'Sb': 3, 'Zn': 0.140625, 'Mg': 0.046875}, Temperature: 477K",0.2082260400056839,1,3,,,0.046875,,,"['D', 'C', 'B']",,,,,,,,,,,,,,,,,,,,,,,0.140625,,"['O', 'N', 'K', 'L', 'P', 'J', 'M', 'H', 'I']",,,,,,,,,,,,,,,,,,,,,,,,,,,,,,,,,,,,,,,,,,,,,,,,,,,,,,,,,,,
"Composition: {'Co': 1, 'Sb': 3, 'Pd': 0.171875}, Temperature: 485K",0.2662617862224579,1,3,,,,0.171875,,,"['A', 'K', 'I', 'D', 'N', 'O', 'G', 'M', 'F', 'H', 'J']",,,,,,,,,,,,,,,,,,,,,,,,,,,,,,,,,,,,,,,,,,,,,,,,,,,,,,,,,,,,,,,,,,,,,,,,,,,,,,,,,,,
"Composition: {'Co': 1, 'Sb': 3, 'F': 0.03125}, Temperature: 344K",0.14559216797351837,1,3,,,,,,,,,,,,,,,,,,,,,,,,,,,,,,,,,,,,,0.03125,"['L', 'J']",,,,,,,,,,,,,,,,,,,,,,,,,,,,,,,,,,,,,,,,,,,,,,,,,,,,
"Composition: {'Co': 1, 'Sb': 3, 'Gd': 0.0625, 'K': 0.0625}, Temperature: 321K",0.16972807049751282,1,3,,,,,,,,,,,,,,,,,,,,,,,,,,,0.0625,"['N', 'C', 'G', 'F']",,,,,,,,,,,0.0625,"['D', 'L', 'P', 'A']",,,,,,,,,,,,,,,,,,,,,,,,,,,,,,,,,,,,,,,,,,,,,,,,,,
"Composition: {'Co': 1, 'Sb': 3, 'Ag': 0.046875}, Temperature: 421K",0.09888933598995209,1,3,,,,,,,,,,,,,,,,,,,,,,,,,,,,,,,,,,,,,,,,,0.046875,"['M', 'L', 'D']",,,,,,,,,,,,,,,,,,,,,,,,,,,,,,,,,,,,,,,,,,,,,,,,
"Composition: {'Co': 1, 'Sb': 3, 'Nd': 0.109375}, Temperature: 508K",0.14885331690311432,1,3,,,,,,,,,,,,,,,,,,,,,,,0.109375,"['B', 'J', 'N', 'D', 'A', 'I', 'N']",,,,,,,,,,,,,,,,,,,,,,,,,,,,,,,,,,,,,,,,,,,,,,,,,,,,,,,,,,,,,,,,,,
"Composition: {'Co': 1, 'Sb': 3, 'Cu': 0.21875}, Temperature: 796K",0.32010284066200256,1,3,,,,,,,,,,,,,,,,,,,,,,,,,,,,,,,,,,,,,,,,,,,0.21875,"['D', 'M', 'F', 'B', 'H', 'C', 'E', 'A', 'N', 'J', 'O', 'P', 'I', 'G']",,,,,,,,,,,,,,,,,,,,,,,,,,,,,,,,,,,,,,,,,,,,,,
"Composition: {'Co': 1, 'Sb': 3, 'F': 0.140625, 'Pr': 0.015625, 'Mn': 0.015625}, Temperature: 672K",0.44071733951568604,1,3,,,,,,,,,,0.015625,,,['M'],,,,,,,,,,,,,,,,,,,,,,,,0.140625,"['K', 'N', 'E', 'D', 'F', 'N', 'B', 'J', 'P']",,,,,,,0.015625,['H'],,,,,,,,,,,,,,,,,,,,,,,,,,,,,,,,,,,,,,,,,,,,
"Composition: {'Co': 1, 'Sb': 3, 'Ag': 0.15625}, Temperature: 529K",0.07172556221485138,1,3,,,,,,,,,,,,,,,,,,,,,,,,,,,,,,,,,,,,,,,,,0.15625,"['B', 'F', 'L', 'H', 'E', 'G', 'C', 'P', 'O', 'M']",,,,,,,,,,,,,,,,,,,,,,,,,,,,,,,,,,,,,,,,,,,,,,,,
"Composition: {'Co': 1, 'Sb': 3, 'Al': 0.234375}, Temperature: 766K",0.17029768228530884,1,3,,,,,,,,,,,,,,,,,,,,,,,,,,,,,,,,,,,,,,,,,,,,,,,0.234375,"['E', 'N', 'J', 'O', 'A', 'N', 'C', 'P', 'H', 'B', 'M', 'I', 'L', 'D', 'G']",,,,,,,,,,,,,,,,,,,,,,,,,,,,,,,,,,,,,,,,,,
"Composition: {'Co': 1, 'Sb': 3, 'Si': 0.203125, 'Pr': 0.015625, 'W': 0.015625}, Temperature: 625K",0.4535437822341919,1,3,,,,,,,,,,,,,,,,,,,,,,,,,,,,,,,,,,,,,,,,,,,,,0.015625,['P'],,,0.203125,0.015625,"['G', 'B', 'O', 'E', 'I', 'F', 'H', 'L', 'N', 'D', 'C', 'N', 'A']",['K'],,,,,,,,,,,,,,,,,,,,,,,,,,,,,,,,,,,,,,
"Composition: {'Co': 1, 'Sb': 3, 'Ba': 0.15625}, Temperature: 499K",0.48652350902557373,1,3,,,,,,,,,,,,,,,,,,,,,,,,,,,,,,,,,,,,,,,,,,,,,,,,,,,,,0.15625,"['E', 'A', 'H', 'J', 'F', 'K', 'I', 'O', 'B', 'N']",,,,,,,,,,,,,,,,,,,,,,,,,,,,,,,,,,,,
"Composition: {'Co': 1, 'Sb': 3, 'Mn': 0.21875, 'Mg': 0.015625, 'Cu': 0.015625}, Temperature: 365K",0.1222839206457138,1,3,,,0.015625,,,['P'],,,,0.21875,,,"['L', 'K', 'B', 'F', 'H', 'I', 'N', 'M', 'O', 'G', 'J', 'N', 'D', 'C']",,,,,,,,,,,,,,,,,,,,,,,,,,,,,,0.015625,['A'],,,,,,,,,,,,,,,,,,,,,,,,,,,,,,,,,,,,,,,,,,,,,,
"Composition: {'Co': 1, 'Sb': 3, 'Mm': 0.09375, 'W': 0.03125}, Temperature: 405K",0.1627873182296753,1,3,,,,,,,,,,,,,,,,,0.09375,,,"['O', 'A', 'E', 'C', 'P', 'D']",,,,,,,,,,,,,,,,,,,,,,,,,,,,,,0.03125,,"['H', 'J']",,,,,,,,,,,,,,,,,,,,,,,,,,,,,,,,,,,,,,
"Composition: {'Co': 1, 'Sb': 3, 'Hf': 0.046875}, Temperature: 604K",0.18866030871868134,1,3,,,,,,,,,,,,,,,,,,,,,,,,,,,,,,,,,,,,,,,,,,,,,,,,,,,,,,,0.046875,"['E', 'M', 'A']",,,,,,,,,,,,,,,,,,,,,,,,,,,,,,,,,,
"Composition: {'Co': 1, 'Sb': 3, 'Bi': 0.234375}, Temperature: 378K",0.17129284143447876,1,3,,,,,,,,,,,,,,,,,,,,,,,,,,,,,,,,,,,,,,,,,,,,,,,,,,,,,,,,,0.234375,"['N', 'K', 'P', 'C', 'G', 'J', 'E', 'D', 'A', 'B', 'I', 'N', 'L', 'F', 'H']",,,,,,,,,,,,,,,,,,,,,,,,,,,,,,,,
"Composition: {'Co': 1, 'Sb': 3, 'As': 0.140625, 'Sn': 0.015625}, Temperature: 706K",0.2818394601345062,1,3,,,,,,,,,,,,,,,0.140625,"['G', 'D', 'C', 'A', 'H', 'O', 'I', 'B', 'M']",,,,,,,,,,,,,,,,,,,,,,,,,,,,,,,,,,,,,,,,,,,0.015625,['E'],,,,,,,,,,,,,,,,,,,,,,,,,,,,,,
"Composition: {'Co': 1, 'Sb': 3, 'Zn': 0.203125}, Temperature: 566K",0.19608686864376068,1,3,,,,,,,,,,,,,,,,,,,,,,,,,,,,,0.203125,,"['K', 'J', 'O', 'N', 'M', 'G', 'B', 'P', 'E', 'A', 'D', 'L', 'H']",,,,,,,,,,,,,,,,,,,,,,,,,,,,,,,,,,,,,,,,,,,,,,,,,,,,,,,,,,,
"Composition: {'Co': 1, 'Sb': 3, 'Ga': 0.171875}, Temperature: 789K",0.4520019590854645,1,3,,,,,,,,,,,,,,,,,,,,,,,,,,,,,,,,,,,,,,,,,,,,,,,,,,,,,,,,,,,,,0.171875,"['G', 'H', 'N', 'C', 'I', 'A', 'J', 'E', 'N', 'D', 'K']",,,,,,,,,,,,,,,,,,,,,,,,,,,,
"Composition: {'Co': 1, 'Sb': 3, 'W': 0.03125, 'Nd': 0.015625, 'Mn': 0.203125}, Temperature: 757K",0.2668581008911133,1,3,,,,,,,,,,0.203125,,,"['L', 'I', 'N', 'G', 'P', 'C', 'F', 'O', 'E', 'B', 'H', 'M', 'N']",,,,,,,,,,0.015625,['A'],,,,,,,,,,,,,,,,,,,,,,,,,,0.03125,,"['J', 'K']",,,,,,,,,,,,,,,,,,,,,,,,,,,,,,,,,,,,,,
"Composition: {'Co': 1, 'Sb': 3, 'Na': 0.03125, 'Mg': 0.0625, 'G': 0.15625}, Temperature: 492K",0.4401428997516632,1,3,,,0.0625,,,"['F', 'L', 'P', 'K']",,,,,,,,,,,,,,,,,,,,,,,,0.15625,,"['H', 'J', 'D', 'I', 'A', 'B', 'N', 'M', 'G', 'O']",,,,,,,,,,,,,,,,,,,,,,,,,,,,,,,0.03125,"['E', 'N']",,,,,,,,,,,,,,,,,,,,,,,,,,
"Composition: {'Co': 1, 'Sb': 3, 'Cl': 0.125, 'Li': 0.078125, 'Mm': 0.046875}, Temperature: 497K",0.423012375831604,1,3,,,,,0.125,,,"['N', 'A', 'H', 'B', 'F', 'M', 'N', 'I']",,,,,,,,,0.046875,,,"['O', 'P', 'C']",,,,,,,,,,,,,,,,,,,,,,,,,,,,,,,,,,,,,,,,,,,,,0.078125,"['E', 'D', 'L', 'J', 'G']",,,,,,,,,,,,,,,,,,,,,,,,
"Composition: {'Co': 1, 'Sb': 3, 'Cl': 0.015625}, Temperature: 614K",0.16776327788829803,1,3,,,,,0.015625,,,['M'],,,,,,,,,,,,,,,,,,,,,,,,,,,,,,,,,,,,,,,,,,,,,,,,,,,,,,,,,,,,,,,,,,,,,,,,,,,,,,,,,,
"Composition: {'Co': 1, 'Sb': 3, 'Ti': 0.171875, 'Bi': 0.0625, 'C': 0.015625}, Temperature: 799K",0.484825074672699,1,3,,,,,,,,,,,,,,,,,,,,,,,,,,,,,,,,,,,0.171875,"['G', 'L', 'I', 'B', 'J', 'N', 'M', 'F', 'K', 'H', 'O']",,,,,,,,,,,,,,,,,,,,,0.0625,"['P', 'C', 'D', 'N']",,,,,,,,,0.015625,['E'],,,,,,,,,,,,,,,,,,,,,,
"Composition: {'Co': 1, 'Sb': 3, 'Na': 0.15625, 'Ce': 0.015625}, Temperature: 772K",0.25058385729789734,1,3,,,,,,,,,,,,,,,,,,,,,,,,,,,,,,,,,,,,,,,,,,,,,,,,,,,,,,,,,,,,,,,0.15625,"['E', 'K', 'G', 'J', 'F', 'N', 'N', 'D', 'O', 'L']",,,,,0.015625,['C'],,,,,,,,,,,,,,,,,,,,
"Composition: {'Co': 1, 'Sb': 3, 'Cd': 0.234375, 'Yb': 0.015625}, Temperature: 412K",0.21251045167446136,1,3,,,,,,,,,0.234375,,,"['E', 'D', 'I', 'K', 'B', 'G', 'A', 'F', 'J', 'L', 'C', 'M', 'N', 'O', 'H']",,,,,,0.015625,,,['N'],,,,,,,,,,,,,,,,,,,,,,,,,,,,,,,,,,,,,,,,,,,,,,,,,,,,,,,,,,,,,,,,,,,,,
"Composition: {'Co': 1, 'Sb': 3, 'Eu': 0.09375, 'Mo': 0.125}, Temperature: 622K",0.37864208221435547,1,3,,,,,,,,,,,,,,,,,,,,,,,,,0.09375,"['I', 'K', 'J', 'N', 'D', 'H']",,,,,,,,,,,,,,,,,,,,,,,,,,,,,,,,,,,,,,,,,,,,,0.125,"['G', 'M', 'L', 'E', 'A', 'B', 'O', 'P']",,,,,,,,,,,,,,,,,,
"Composition: {'Co': 1, 'Sb': 3, 'As': 0.046875, 'Zn': 0.125}, Temperature: 646K",0.17090240120887756,1,3,,,,,,,,,,,,,,,0.046875,"['O', 'J', 'F']",,,,,,,,,,,,,0.125,,"['A', 'N', 'N', 'K', 'L', 'E', 'B', 'D']",,,,,,,,,,,,,,,,,,,,,,,,,,,,,,,,,,,,,,,,,,,,,,,,,,,,,,,,,,,
"Composition: {'Co': 1, 'Sb': 3, 'Hf': 0.140625, 'Pd': 0.09375}, Temperature: 649K",0.2036384493112564,1,3,,,,0.09375,,,"['M', 'O', 'L', 'A', 'B', 'P']",,,,,,,,,,,,,,,,,,,,,,,,,,,,,,,,,,,,,,,,,,,,,,,,0.140625,"['I', 'N', 'C', 'J', 'D', 'E', 'K', 'H', 'G']",,,,,,,,,,,,,,,,,,,,,,,,,,,,,,,,,,
"Composition: {'Co': 1, 'Sb': 3, 'Sm': 0.03125}, Temperature: 421K",0.2944110035896301,1,3,,,,,,,,,,,,,,,,,,,,,,,,,,,,,,,,,,,,,,,,,,,,,,,,,,,,,,,,,,,,,,,,,,,,,,,,,0.03125,"['J', 'G']",,,,,,,,,,,,,,,,
"Composition: {'Co': 1, 'Sb': 3, 'La': 0.15625, 'Cl': 0.09375}, Temperature: 383K",0.24452905356884003,1,3,,,,,0.09375,,,"['H', 'I', 'M', 'F', 'C', 'B']",,,,,,,,,,,,,,,,,,,,,,,,,,,,,,,,,,,,,,,,,,,,,,,,,,,,,,,,,,,,,,,,,,,0.15625,"['N', 'L', 'G', 'D', 'P', 'O', 'J', 'N', 'A', 'E']",,,,,,,,,,,,,,
"Composition: {'Co': 1, 'Sb': 3, 'C': 0.015625}, Temperature: 481K",0.17741817235946655,1,3,,,,,,,,,,,,,,,,,,,,,,,,,,,,,,,,,,,,,,,,,,,,,,,,,,,,,,,,,,,,,,,,,,,0.015625,['K'],,,,,,,,,,,,,,,,,,,,,,
"Composition: {'Co': 1, 'Sb': 3, 'Hf': 0.078125}, Temperature: 636K",0.14888909459114075,1,3,,,,,,,,,,,,,,,,,,,,,,,,,,,,,,,,,,,,,,,,,,,,,,,,,,,,,,,0.078125,"['N', 'C', 'P', 'A', 'O']",,,,,,,,,,,,,,,,,,,,,,,,,,,,,,,,,,
"Composition: {'Co': 1, 'Sb': 3, 'Y': 0.03125}, Temperature: 539K",0.11601142585277557,1,3,,,,,,,,,,,,,,,,,,,,,,,,,,,,,,,,,,,,,,,,,,,,,,,,,,,,,,,,,,,,,,,,,,,,,,,,,,,,,0.03125,"['A', 'G']",,,,,,,,,,,,
"Composition: {'Co': 1, 'Sb': 3, 'F': 0.046875}, Temperature: 490K",0.13427795469760895,1,3,,,,,,,,,,,,,,,,,,,,,,,,,,,,,,,,,,,,,0.046875,"['K', 'N', 'E']",,,,,,,,,,,,,,,,,,,,,,,,,,,,,,,,,,,,,,,,,,,,,,,,,,,,
"Composition: {'Co': 1, 'Sb': 3, 'La': 0.03125}, Temperature: 554K",0.2666627764701843,1,3,,,,,,,,,,,,,,,,,,,,,,,,,,,,,,,,,,,,,,,,,,,,,,,,,,,,,,,,,,,,,,,,,,,,,,,,,,,0.03125,"['A', 'G']",,,,,,,,,,,,,,
"Composition: {'Co': 1, 'Sb': 3, 'C': 0.125}, Temperature: 550K",0.12028564512729645,1,3,,,,,,,,,,,,,,,,,,,,,,,,,,,,,,,,,,,,,,,,,,,,,,,,,,,,,,,,,,,,,,,,,,,0.125,"['D', 'M', 'K', 'C', 'O', 'B', 'L', 'N']",,,,,,,,,,,,,,,,,,,,,,
"Composition: {'Co': 1, 'Sb': 3, 'As': 0.15625}, Temperature: 606K",0.1504618227481842,1,3,,,,,,,,,,,,,,,0.15625,"['A', 'N', 'J', 'E', 'B', 'F', 'P', 'N', 'K', 'G']",,,,,,,,,,,,,,,,,,,,,,,,,,,,,,,,,,,,,,,,,,,,,,,,,,,,,,,,,,,,,,,,,,,,,,,,,,
"Composition: {'Co': 1, 'Sb': 3, 'Hf': 0.21875}, Temperature: 511K",0.08618977665901184,1,3,,,,,,,,,,,,,,,,,,,,,,,,,,,,,,,,,,,,,,,,,,,,,,,,,,,,,,,0.21875,"['I', 'O', 'L', 'D', 'P', 'N', 'M', 'K', 'C', 'N', 'A', 'E', 'F', 'B']",,,,,,,,,,,,,,,,,,,,,,,,,,,,,,,,,,
"Composition: {'Co': 1, 'Sb': 3, 'Sn': 0.203125, 'Cd': 0.03125}, Temperature: 722K",0.4995373785495758,1,3,,,,,,,,,0.03125,,,"['A', 'F']",,,,,,,,,,,,,,,,,,,,,,,,,,,,,,,,,,,,,,,,,,,,,,,0.203125,"['O', 'L', 'M', 'N', 'D', 'I', 'N', 'J', 'H', 'C', 'B', 'K', 'P']",,,,,,,,,,,,,,,,,,,,,,,,,,,,,,
"Composition: {'Co': 1, 'Sb': 3, 'Si': 0.15625}, Temperature: 625K",0.18703635036945343,1,3,,,,,,,,,,,,,,,,,,,,,,,,,,,,,,,,,,,,,,,,,,,,,,,,,0.15625,,"['J', 'D', 'A', 'N', 'O', 'P', 'C', 'K', 'E', 'F']",,,,,,,,,,,,,,,,,,,,,,,,,,,,,,,,,,,,,,,
"Composition: {'Co': 1, 'Sb': 3, 'G': 0.109375, 'Ni': 0.125}, Temperature: 613K",0.22591683268547058,1,3,,,,,,,,,,,,,,,,,,,,,,,,,,,,,,0.109375,,"['G', 'P', 'E', 'A', 'K', 'L', 'F']",,,,,,,,,,,,,,,,,,,,,,,,,,,,,,,,,,,,,,,,,,,,,,,0.125,"['B', 'D', 'O', 'N', 'C', 'I', 'H', 'J']",,,,,,,,,,
"Composition: {'Co': 1, 'Sb': 3, 'Al': 0.046875, 'Dy': 0.09375}, Temperature: 730K",0.20773813128471375,1,3,0.09375,"['H', 'G', 'D', 'F', 'O', 'I']",,,,,,,,,,,,,,,,,,,,,,,,,,,,,,,,,,,,,,,,,,,,,0.046875,"['L', 'P', 'A']",,,,,,,,,,,,,,,,,,,,,,,,,,,,,,,,,,,,,,,,,,
"Composition: {'Co': 1, 'Sb': 3, 'Cd': 0.046875, 'Hf': 0.09375}, Temperature: 620K",0.2613253593444824,1,3,,,,,,,,,0.046875,,,"['G', 'H', 'B']",,,,,,,,,,,,,,,,,,,,,,,,,,,,,,,,,,,,,,,,,,,0.09375,"['P', 'N', 'M', 'A', 'L', 'E']",,,,,,,,,,,,,,,,,,,,,,,,,,,,,,,,,,
"Composition: {'Co': 1, 'Sb': 3, 'Ag': 0.1875, 'Sr': 0.015625, 'C': 0.046875}, Temperature: 329K",0.15101563930511475,1,3,,,,,,,,,,,,,,,,,,,,,,,,,,,,,,,,,,,,,,,,,0.1875,"['P', 'B', 'N', 'C', 'F', 'O', 'J', 'E', 'L', 'G', 'N', 'A']",,,,,,,,,,,,,,,,,,,,,,,,,0.046875,"['K', 'H', 'M']",,,,,,,,,,,,,0.015625,['D'],,,,,,,,
"Composition: {'Co': 1, 'Sb': 3, 'Eu': 0.171875}, Temperature: 505K",0.15557798743247986,1,3,,,,,,,,,,,,,,,,,,,,,,,,,0.171875,"['L', 'E', 'H', 'C', 'N', 'F', 'O', 'P', 'D', 'A', 'J']",,,,,,,,,,,,,,,,,,,,,,,,,,,,,,,,,,,,,,,,,,,,,,,,,,,,,,,,,,,,,,,,
"Composition: {'Co': 1, 'Sb': 3, 'Ce': 0.09375, 'Bi': 0.03125, 'O': 0.09375}, Temperature: 544K",0.47790682315826416,1,3,,,,,,,,,,,,,,,,,,,0.09375,,,"['A', 'E', 'L', 'I', 'M', 'F']",,,,,,,,,,,,,,,,,,,,,,,,,,,,,,,,,,,0.03125,"['P', 'K']",,,,,,,,,,,0.09375,"['N', 'G', 'C', 'D', 'B', 'H']",,,,,,,,,,,,,,,,,,,,
"Composition: {'Co': 1, 'Sb': 3, 'C': 0.109375}, Temperature: 528K",0.12243984639644623,1,3,,,,,,,,,,,,,,,,,,,,,,,,,,,,,,,,,,,,,,,,,,,,,,,,,,,,,,,,,,,,,,,,,,,0.109375,"['B', 'M', 'I', 'E', 'J', 'H', 'L']",,,,,,,,,,,,,,,,,,,,,,
"Composition: {'Co': 1, 'Sb': 3, 'La': 0.203125, 'S': 0.03125, 'Fe': 0.015625}, Temperature: 712K",0.4281458258628845,1,3,,,,,,,,,,,0.03125,,,"['H', 'B']",,,,,,,,,,,,,,,,,,,,,,,,,,,,,,,,,,,,,,,,,,,,,,,,,,,,,,,,,,,,,0.203125,"['G', 'P', 'A', 'O', 'K', 'N', 'E', 'I', 'F', 'L', 'C', 'D', 'M']",,,,,,,0.015625,['J'],,,,,,
"Composition: {'Co': 1, 'Sb': 3, 'Gd': 0.15625, 'Te': 0.078125}, Temperature: 433K",0.2731568217277527,1,3,,,,,,,,,,,,,,,,,,,,,,,,,,,,,,,,,0.078125,"['N', 'E', 'B', 'O', 'A']",,,,,0.15625,"['C', 'I', 'J', 'N', 'P', 'D', 'L', 'K', 'H', 'F']",,,,,,,,,,,,,,,,,,,,,,,,,,,,,,,,,,,,,,,,,,,,,,,,,,
"Composition: {'Co': 1, 'Sb': 3, 'Al': 0.171875}, Temperature: 580K",0.19298841059207916,1,3,,,,,,,,,,,,,,,,,,,,,,,,,,,,,,,,,,,,,,,,,,,,,,,0.171875,"['G', 'M', 'L', 'K', 'C', 'E', 'P', 'N', 'I', 'J', 'D']",,,,,,,,,,,,,,,,,,,,,,,,,,,,,,,,,,,,,,,,,,
"Composition: {'Co': 1, 'Sb': 3, 'Pd': 0.15625}, Temperature: 323K",0.11025059223175049,1,3,,,,0.15625,,,"['J', 'P', 'D', 'N', 'O', 'E', 'L', 'C', 'H', 'B']",,,,,,,,,,,,,,,,,,,,,,,,,,,,,,,,,,,,,,,,,,,,,,,,,,,,,,,,,,,,,,,,,,,,,,,,,,,,,,,,,,,
"Composition: {'Co': 1, 'Sb': 3, 'Te': 0.09375, 'Y': 0.03125, 'Dy': 0.015625}, Temperature: 355K",0.17795027792453766,1,3,0.015625,['E'],,,,,,,,,,,,,,,,,,,,,,,,,,,,,,,0.09375,"['G', 'D', 'P', 'O', 'H', 'M']",,,,,,,,,,,,,,,,,,,,,,,,,,,,,,,,,,,,,,,,,,,0.03125,"['L', 'J']",,,,,,,,,,,,
"Composition: {'Co': 1, 'Sb': 3, 'Mm': 0.0625, 'Eu': 0.15625}, Temperature: 498K",0.21607443690299988,1,3,,,,,,,,,,,,,,,,,0.0625,,,"['I', 'N', 'P', 'J']",,,,,0.15625,"['B', 'C', 'D', 'G', 'A', 'F', 'L', 'K', 'H', 'E']",,,,,,,,,,,,,,,,,,,,,,,,,,,,,,,,,,,,,,,,,,,,,,,,,,,,,,,,,,,,,,,,
"Composition: {'Co': 1, 'Sb': 3, 'Fe': 0.0625, 'Mn': 0.15625}, Temperature: 427K",0.267090380191803,1,3,,,,,,,,,,0.15625,,,"['P', 'O', 'J', 'N', 'G', 'A', 'I', 'F', 'C', 'K']",,,,,,,,,,,,,,,,,,,,,,,,,,,,,,,,,,,,,,,,,,,,,,,,,,,,,,,,,,,,,,,,,,,,,,0.0625,"['N', 'H', 'L', 'E']",,,,,,
"Composition: {'Co': 1, 'Sb': 3, 'Tl': 0.21875, 'Pb': 0.015625, 'O': 0.015625}, Temperature: 528K",0.4588112533092499,1,3,,,,,,,,,,,,,,,,,,,0.015625,,,['N'],,,,,,,,,,,,,,,,,,,,,,,,,,,,,,,,,,,,,,,,,,,,,,,,,,,,,,,,,,,,,,,0.21875,0.015625,"['F', 'B', 'H', 'N', 'P', 'M', 'G', 'C', 'D', 'O', 'E', 'K', 'A', 'J']",['I'],,
"Composition: {'Co': 1, 'Sb': 3, 'Ga': 0.140625, 'Sm': 0.09375, 'Ag': 0.015625}, Temperature: 510K",0.33419153094291687,1,3,,,,,,,,,,,,,,,,,,,,,,,,,,,,,,,,,,,,,,,,,0.015625,['N'],,,,,,,,,,,,,,,,,,,0.140625,"['I', 'N', 'A', 'M', 'L', 'O', 'C', 'B', 'E']",,,,,,,,,,,0.09375,"['J', 'P', 'K', 'G', 'H', 'F']",,,,,,,,,,,,,,,,
"Composition: {'Co': 1, 'Sb': 3, 'Eu': 0.03125}, Temperature: 517K",0.4190126657485962,1,3,,,,,,,,,,,,,,,,,,,,,,,,,0.03125,"['F', 'P']",,,,,,,,,,,,,,,,,,,,,,,,,,,,,,,,,,,,,,,,,,,,,,,,,,,,,,,,,,,,,,,,
"Composition: {'Co': 1, 'Sb': 3, 'As': 0.234375, 'Gd': 0.015625}, Temperature: 659K",0.1467597782611847,1,3,,,,,,,,,,,,,,,0.234375,"['K', 'F', 'J', 'C', 'E', 'A', 'M', 'I', 'P', 'D', 'N', 'B', 'N', 'H', 'O']",,,,,,,,,,,,,,,,,,,,,,,0.015625,['L'],,,,,,,,,,,,,,,,,,,,,,,,,,,,,,,,,,,,,,,,,,,,,,,,,,
"Composition: {'Co': 1, 'Sb': 3, 'Hf': 0.15625, 'Al': 0.078125, 'Cd': 0.015625}, Temperature: 762K",0.48427799344062805,1,3,,,,,,,,,0.015625,,,['H'],,,,,,,,,,,,,,,,,,,,,,,,,,,,,,,,,,,0.078125,"['P', 'M', 'C', 'K', 'J']",,,,,,,0.15625,"['E', 'B', 'N', 'O', 'G', 'I', 'N', 'A', 'L', 'F']",,,,,,,,,,,,,,,,,,,,,,,,,,,,,,,,,,
"Composition: {'Co': 1, 'Sb': 3, 'Gd': 0.21875, 'Y': 0.015625, 'Dy': 0.015625}, Temperature: 337K",0.1852927803993225,1,3,0.015625,['A'],,,,,,,,,,,,,,,,,,,,,,,,,,,,,,,,,,,,,0.21875,"['E', 'K', 'B', 'F', 'M', 'L', 'P', 'N', 'N', 'C', 'I', 'O', 'G', 'H']",,,,,,,,,,,,,,,,,,,,,,,,,,,,,,,,,,,,,0.015625,['D'],,,,,,,,,,,,
"Composition: {'Co': 1, 'Sb': 3, 'Zn': 0.140625}, Temperature: 319K",0.10425889492034912,1,3,,,,,,,,,,,,,,,,,,,,,,,,,,,,,0.140625,,"['E', 'J', 'I', 'O', 'K', 'P', 'L', 'F', 'A']",,,,,,,,,,,,,,,,,,,,,,,,,,,,,,,,,,,,,,,,,,,,,,,,,,,,,,,,,,,
"Composition: {'Co': 1, 'Sb': 3, 'K': 0.125, 'Zr': 0.046875}, Temperature: 604K",0.13639461994171143,1,3,,,,,,,,,,,,,,,,,,,,,,,,,,,0.125,"['O', 'H', 'B', 'J', 'G', 'P', 'C', 'D']",,,,,,,,,,,,,,,,,,,,,,,,,,,,,,,,,,,,,,,,,,,,,,,,,,,,,,,,,,,,,0.046875,"['L', 'N', 'N']"
"Composition: {'Co': 1, 'Sb': 3, 'Nd': 0.1875}, Temperature: 772K",0.2606327533721924,1,3,,,,,,,,,,,,,,,,,,,,,,,0.1875,"['L', 'G', 'H', 'I', 'K', 'E', 'B', 'O', 'F', 'D', 'A', 'J']",,,,,,,,,,,,,,,,,,,,,,,,,,,,,,,,,,,,,,,,,,,,,,,,,,,,,,,,,,,,,,,,,,
"Composition: {'Co': 1, 'Sb': 3, 'Fe': 0.046875, 'La': 0.09375}, Temperature: 303K",0.32537195086479187,1,3,,,,,,,,,,,,,,,,,,,,,,,,,,,,,,,,,,,,,,,,,,,,,,,,,,,,,,,,,,,,,,,,,,,,,,,,,,,0.09375,"['B', 'H', 'G', 'C', 'L', 'D']",,,,,,,0.046875,"['M', 'O', 'I']",,,,,,
"Composition: {'Co': 1, 'Sb': 3, 'Ni': 0.0625, 'Ga': 0.125, 'Hf': 0.046875}, Temperature: 396K",0.4973204433917999,1,3,,,,,,,,,,,,,,,,,,,,,,,,,,,,,,,,,,,,,,,,,,,,,,,,,,,,,,,0.046875,"['E', 'B', 'N']",,,,,0.125,"['P', 'L', 'D', 'M', 'H', 'C', 'K', 'J']",,,,,,,,,,,,,,,,,0.0625,"['N', 'F', 'I', 'O']",,,,,,,,,,
"Composition: {'Co': 1, 'Sb': 3, 'Y': 0.09375, 'F': 0.046875, 'Ti': 0.015625}, Temperature: 727K",0.30768054723739624,1,3,,,,,,,,,,,,,,,,,,,,,,,,,,,,,,,,,,,0.015625,['N'],0.046875,"['A', 'O', 'C']",,,,,,,,,,,,,,,,,,,,,,,,,,,,,,,,,,,,,,,0.09375,"['M', 'J', 'I', 'P', 'K', 'B']",,,,,,,,,,,,
"Composition: {'Co': 1, 'Sb': 3, 'Bi': 0.234375}, Temperature: 533K",0.1120767742395401,1,3,,,,,,,,,,,,,,,,,,,,,,,,,,,,,,,,,,,,,,,,,,,,,,,,,,,,,,,,,0.234375,"['H', 'J', 'P', 'A', 'E', 'C', 'D', 'O', 'I', 'M', 'G', 'N', 'L', 'N', 'B']",,,,,,,,,,,,,,,,,,,,,,,,,,,,,,,,
"Composition: {'Co': 1, 'Sb': 3, 'Cd': 0.125, 'Te': 0.09375, 'Zn': 0.03125}, Temperature: 686K",0.4640456736087799,1,3,,,,,,,,,0.125,,,"['D', 'L', 'N', 'B', 'F', 'A', 'J', 'M']",,,,,,,,,,,,,,,,,0.03125,,"['H', 'K']",,0.09375,"['G', 'I', 'C', 'P', 'N', 'O']",,,,,,,,,,,,,,,,,,,,,,,,,,,,,,,,,,,,,,,,,,,,,,,,,,,,,,,,
"Composition: {'Co': 1, 'Sb': 3, 'W': 0.125, 'Y': 0.015625}, Temperature: 331K",0.21657854318618774,1,3,,,,,,,,,,,,,,,,,,,,,,,,,,,,,,,,,,,,,,,,,,,,,,,,,,0.125,,"['D', 'F', 'A', 'M', 'J', 'I', 'H', 'B']",,,,,,,,,,,,,,,,,,,,,,,,,0.015625,['K'],,,,,,,,,,,,
"Composition: {'Co': 1, 'Sb': 3, 'Fe': 0.140625}, Temperature: 385K",0.2164541482925415,1,3,,,,,,,,,,,,,,,,,,,,,,,,,,,,,,,,,,,,,,,,,,,,,,,,,,,,,,,,,,,,,,,,,,,,,,,,,,,,,,,,,,,0.140625,"['N', 'A', 'O', 'B', 'L', 'I', 'J', 'P', 'M']",,,,,,
"Composition: {'Co': 1, 'Sb': 3, 'Si': 0.21875, 'Fe': 0.015625}, Temperature: 466K",0.24881337583065033,1,3,,,,,,,,,,,,,,,,,,,,,,,,,,,,,,,,,,,,,,,,,,,,,,,,,0.21875,,"['A', 'I', 'B', 'N', 'N', 'K', 'L', 'G', 'M', 'C', 'F', 'H', 'E', 'J']",,,,,,,,,,,,,,,,,,,,,,,,,,,,,,,,0.015625,['P'],,,,,,
"Composition: {'Co': 1, 'Sb': 3, 'Pr': 0.109375, 'Zr': 0.046875, 'Hf': 0.09375}, Temperature: 760K",0.43227261304855347,1,3,,,,,,,,,,,,,,,,,,,,,,,,,,,,,,,,,,,,,,,,,,,,,0.109375,"['M', 'A', 'L', 'E', 'H', 'B', 'K']",,,,,,,,,0.09375,"['F', 'N', 'O', 'N', 'P', 'J']",,,,,,,,,,,,,,,,,,,,,,,,,,,,,,,,,0.046875,"['C', 'G', 'D']"
"Composition: {'Co': 1, 'Sb': 3, 'Te': 0.15625, 'Fe': 0.078125, 'Mm': 0.015625}, Temperature: 738K",0.3531400263309479,1,3,,,,,,,,,,,,,,,,,0.015625,,,['G'],,,,,,,,,,,,,0.15625,"['E', 'P', 'K', 'M', 'N', 'A', 'N', 'I', 'B', 'J']",,,,,,,,,,,,,,,,,,,,,,,,,,,,,,,,,,,,,,,,,,,,,,,,,0.078125,"['C', 'H', 'F', 'D', 'O']",,,,,,
"Composition: {'Co': 1, 'Sb': 3, 'C': 0.1875, 'Mm': 0.015625, 'Gd': 0.046875}, Temperature: 587K",0.3048417568206787,1,3,,,,,,,,,,,,,,,,,0.015625,,,['E'],,,,,,,,,,,,,,,,,,,0.046875,"['O', 'L', 'N']",,,,,,,,,,,,,,,,,,,,,,,,,,,0.1875,"['A', 'F', 'I', 'C', 'D', 'K', 'H', 'M', 'J', 'B', 'G', 'P']",,,,,,,,,,,,,,,,,,,,,,
"Composition: {'Co': 1, 'Sb': 3, 'Dy': 0.109375, 'Pr': 0.109375, 'G': 0.015625}, Temperature: 356K",0.3085232973098755,1,3,0.109375,"['H', 'C', 'E', 'P', 'L', 'G', 'N']",,,,,,,,,,,,,,,,,,,,,,,,,,,,0.015625,,['B'],,,,,,,,,,,,,0.109375,"['I', 'J', 'M', 'K', 'N', 'A', 'F']",,,,,,,,,,,,,,,,,,,,,,,,,,,,,,,,,,,,,,,,,,,,
"Composition: {'Co': 1, 'Sb': 3, 'Bi': 0.15625, 'Mo': 0.015625, 'Zn': 0.0625}, Temperature: 467K",0.4615611732006073,1,3,,,,,,,,,,,,,,,,,,,,,,,,,,,,,0.0625,,"['H', 'J', 'B', 'L']",,,,,,,,,,,,,,,,,,,,,,,,,,0.15625,"['P', 'D', 'M', 'N', 'I', 'C', 'G', 'F', 'A', 'E']",,,,,,,,,,,,,0.015625,['K'],,,,,,,,,,,,,,,,,,
"Composition: {'Co': 1, 'Sb': 3, 'Yb': 0.015625}, Temperature: 586K",0.3348884880542755,1,3,,,,,,,,,,,,,,,,,,0.015625,,,['P'],,,,,,,,,,,,,,,,,,,,,,,,,,,,,,,,,,,,,,,,,,,,,,,,,,,,,,,,,,,,,,,,,,,,,
"Composition: {'Co': 1, 'Sb': 3, 'G': 0.171875, 'Pr': 0.015625, 'W': 0.0625}, Temperature: 417K",0.32277417182922363,1,3,,,,,,,,,,,,,,,,,,,,,,,,,,,,,,0.171875,,"['B', 'H', 'J', 'O', 'A', 'C', 'D', 'G', 'N', 'L', 'F']",,,,,,,,,,,,,0.015625,['K'],,,,0.0625,,"['P', 'E', 'N', 'M']",,,,,,,,,,,,,,,,,,,,,,,,,,,,,,,,,,,,,,
"Composition: {'Co': 1, 'Sb': 3, 'Ti': 0.171875, 'Ce': 0.0625}, Temperature: 460K",0.16606849431991577,1,3,,,,,,,,,,,,,,,,,,,,,,,,,,,,,,,,,,,0.171875,"['E', 'O', 'I', 'A', 'C', 'N', 'J', 'P', 'L', 'K', 'M']",,,,,,,,,,,,,,,,,,,,,,,,,,,,,,,,,0.0625,"['H', 'N', 'B', 'D']",,,,,,,,,,,,,,,,,,,,
"Composition: {'Co': 1, 'Sb': 3, 'S': 0.015625, 'Ag': 0.03125, 'La': 0.203125}, Temperature: 324K",0.23527397215366364,1,3,,,,,,,,,,,0.015625,,,['P'],,,,,,,,,,,,,,,,,,,,,,,,,,,0.03125,"['A', 'N']",,,,,,,,,,,,,,,,,,,,,,,,,,,,,,,,,0.203125,"['I', 'H', 'J', 'C', 'O', 'G', 'K', 'N', 'L', 'M', 'F', 'D', 'E']",,,,,,,,,,,,,,
"Composition: {'Co': 1, 'Sb': 3, 'Sr': 0.21875, 'Li': 0.015625}, Temperature: 373K",0.3035799562931061,1,3,,,,,,,,,,,,,,,,,,,,,,,,,,,,,,,,,,,,,,,,,,,,,,,,,,,,,,,,,,,,,,,,,0.015625,['A'],,,,,,,,,,,,,,,0.21875,"['F', 'G', 'H', 'B', 'O', 'E', 'D', 'J', 'M', 'N', 'I', 'L', 'N', 'C']",,,,,,,,
"Composition: {'Co': 1, 'Sb': 3, 'W': 0.0625}, Temperature: 774K",0.32058185338974,1,3,,,,,,,,,,,,,,,,,,,,,,,,,,,,,,,,,,,,,,,,,,,,,,,,,,0.0625,,"['F', 'C', 'N', 'N']",,,,,,,,,,,,,,,,,,,,,,,,,,,,,,,,,,,,,,
"Composition: {'Co': 1, 'Sb': 3, 'Y': 0.015625, 'Cd': 0.015625}, Temperature: 386K",0.3423348665237427,1,3,,,,,,,,,0.015625,,,['J'],,,,,,,,,,,,,,,,,,,,,,,,,,,,,,,,,,,,,,,,,,,,,,,,,,,,,,,,,,,,,,,,,0.015625,['E'],,,,,,,,,,,,
"Composition: {'Co': 1, 'Sb': 3, 'Hf': 0.140625}, Temperature: 601K",0.16404162347316742,1,3,,,,,,,,,,,,,,,,,,,,,,,,,,,,,,,,,,,,,,,,,,,,,,,,,,,,,,,0.140625,"['E', 'M', 'N', 'N', 'B', 'D', 'A', 'F', 'H']",,,,,,,,,,,,,,,,,,,,,,,,,,,,,,,,,,
"Composition: {'Co': 1, 'Sb': 3, 'La': 0.109375, 'Sn': 0.078125, 'Li': 0.0625}, Temperature: 559K",0.26793527603149414,1,3,,,,,,,,,,,,,,,,,,,,,,,,,,,,,,,,,,,,,,,,,,,,,,,,,,,,,,,,,,,0.078125,"['I', 'L', 'H', 'A', 'M']",,,,,0.0625,"['D', 'N', 'P', 'J']",,,,,,,,,0.109375,"['N', 'B', 'O', 'C', 'G', 'E', 'K']",,,,,,,,,,,,,,
